{
  "dataset": "framingham",
  "num_risks": 2,
  "eval_times_days": [
    182.5,
    365,
    547.5,
    730
  ],
  "eval_time_labels": [
    "6 months",
    "12 months",
    "18 months",
    "24 months"
  ],
  "baseline_cif": {
    "risk1": [
      0.002808331383103206,
      0.009595132225602621,
      0.01357360168499883,
      0.015211794991809033
    ],
    "risk2": [
      0.0016381933068102036,
      0.003276386613620407,
      0.005616662766206412,
      0.007254856073016616
    ]
  },
  "num_samples": 4273,
  "event_counts": {
    "censored": 2490,
    "event1": 996,
    "event2": 787
  }
}