{
  "metrics": {
    "auc_event1_t27.00": [
      0.7875000547284262,
      0.9302325478835652,
      0.9275252545226998,
      0.7788461841847736,
      0.8511525202928126
    ],
    "brier_event1_t27.00": [
      0.1334511204631568,
      0.2144354807824587,
      0.04007323474293464,
      0.7981048068934299,
      0.19989681209958451
    ],
    "tdci_event1_t27.00": [
      0.7113948814958774,
      0.6628714156398416,
      0.6924323859543775,
      0.6523927583905746,
      0.6059504761367721
    ],
    "auc_event1_t230.00": [
      0.695473317702275,
      0.9137930935593457,
      0.8827981248981845,
      0.6953125473847868,
      0.8236861034180448
    ],
    "brier_event1_t230.00": [
      0.24733831646730203,
      0.3941592864398298,
      0.09649595075287164,
      0.8206955923441734,
      0.34287008680175607
    ],
    "tdci_event1_t230.00": [
      0.6635943672120719,
      0.6309200753760146,
      0.6443223724957596,
      0.5979448180604762,
      0.58473054621644
    ],
    "auc_event1_t754.00": [
      0.657763993297124,
      0.9098223216084197,
      0.8926352267454126,
      0.7071317042025372,
      0.8205878106178801
    ],
    "brier_event1_t754.00": [
      0.2751721526408236,
      0.42017226727264967,
      0.10724554638089369,
      0.7935190742276667,
      0.36913703998439445
    ],
    "tdci_event1_t754.00": [
      0.6542030728628897,
      0.621472495130123,
      0.6370235946116745,
      0.5865931275506272,
      0.5837655781546348
    ],
    "auc_event2_t27.00": [
      0.9892183119956216,
      0.5000000498138535,
      0.9487866043669788,
      0.9972222088508294,
      0.9254884015136734
    ],
    "brier_event2_t27.00": [
      0.3525083782415878,
      0.7829696955004781,
      0.10524409500975238,
      0.09510783693762626,
      0.10131631355260198
    ],
    "tdci_event2_t27.00": [
      0.8643642406191424,
      0.5854846107390584,
      0.8675008563200649,
      0.8413591405964935,
      0.8607269984704414
    ],
    "auc_event2_t230.00": [
      0.9728915393011416,
      0.500000015750691,
      0.8821873736935353,
      0.9962518440224394,
      0.840632918529918
    ],
    "brier_event2_t230.00": [
      0.39024596954154056,
      0.6413739342101602,
      0.1761665686705166,
      0.1653947874185471,
      0.16599601999496247
    ],
    "tdci_event2_t230.00": [
      0.7726273901372656,
      0.5208413361272358,
      0.7665629010124235,
      0.7417807143623985,
      0.7623682372622586
    ],
    "auc_event2_t754.00": [
      0.9594112189097582,
      0.5000000075142039,
      0.8319974533719614,
      0.990891933823431,
      0.7839519279689847
    ],
    "brier_event2_t754.00": [
      0.368517739571627,
      0.5350960795246354,
      0.22707608770591928,
      0.20197797259422529,
      0.20585220732713108
    ],
    "tdci_event2_t754.00": [
      0.7359971666474112,
      0.5063805572735058,
      0.72453712898492,
      0.7080800504200307,
      0.7262435795791226
    ]
  },
  "metadata": {
    "dataset": "support",
    "outer_folds": 5,
    "inner_folds": 3,
    "n_trials": 8,
    "num_epochs": 250,
    "batch_size": 512,
    "event_weighting": "balanced",
    "scaling": "standard",
    "seed": 42
  }
}