{
  "metrics": {
    "auc_event1_t2.00": [
      0.6585330795896327,
      0.6598359397913133,
      0.6531764735935581,
      0.6237376639222281,
      0.6815309373191147
    ],
    "brier_event1_t2.00": [
      0.060775429295207954,
      0.9153675337265932,
      0.0593454779858961,
      0.0594929897570964,
      0.13055673913555896
    ],
    "tdci_event1_t2.00": [
      0.541102387375976,
      0.5684007064247468,
      0.5558910041409578,
      0.5383401002212787,
      0.5520856450391759
    ],
    "auc_event1_t7.00": [
      0.6573120807236569,
      0.7280670449409957,
      0.6387197191056309,
      0.6045416584842471,
      0.6702073611656645
    ],
    "brier_event1_t7.00": [
      0.11994702557089687,
      0.8589441557002029,
      0.1131682755918486,
      0.12369913048260044,
      0.2868415402349317
    ],
    "tdci_event1_t7.00": [
      0.5549281585676995,
      0.5713054377508894,
      0.5615773826840594,
      0.5462714166498215,
      0.5621779572163599
    ],
    "auc_event1_t21.00": [
      0.6508936728095069,
      0.8240483757631205,
      0.6157704948633498,
      0.5952293722324972,
      0.6644519259968544
    ],
    "brier_event1_t21.00": [
      0.18822411143178722,
      0.7475507770333989,
      0.18505059082860048,
      0.1956415568820903,
      0.41857486382239373
    ],
    "tdci_event1_t21.00": [
      0.5569958575111263,
      0.5576008489265804,
      0.5524823778061917,
      0.5483911671079571,
      0.5576750488996554
    ],
    "auc_event2_t2.00": [
      0.6638743173086455,
      0.7129253545610396,
      0.6719114732473551,
      0.6369753545923612,
      0.6935347730523254
    ],
    "brier_event2_t2.00": [
      0.06787757825207691,
      0.7162723663177405,
      0.11382879029338451,
      0.12699288688882743,
      0.10429686795446601
    ],
    "tdci_event2_t2.00": [
      0.5798696521963262,
      0.5916858767829611,
      0.5539991031726774,
      0.563996933653666,
      0.5569490803143455
    ],
    "auc_event2_t7.00": [
      0.6564887893233443,
      0.6827762495869405,
      0.6381954679686247,
      0.6200122781038059,
      0.6656254892935087
    ],
    "brier_event2_t7.00": [
      0.15143887293782568,
      0.8376704971258867,
      0.2599232840065825,
      0.29352860287316856,
      0.2385664430156467
    ],
    "tdci_event2_t7.00": [
      0.5650065643681136,
      0.5860416560988353,
      0.5418376953001579,
      0.5621934435233817,
      0.5664965283625173
    ],
    "auc_event2_t21.00": [
      0.6468430943199889,
      0.6724270678919564,
      0.6284027209691156,
      0.6124886479684539,
      0.6553822562039041
    ],
    "brier_event2_t21.00": [
      0.2360110144074124,
      0.7517170654329697,
      0.3911156447807093,
      0.4285156460723068,
      0.35995909469664594
    ],
    "tdci_event2_t21.00": [
      0.562147969980647,
      0.5845068580067693,
      0.5415371496936658,
      0.5523146092362253,
      0.5619131169703631
    ]
  },
  "metadata": {
    "dataset": "synthetic",
    "outer_folds": 5,
    "inner_folds": 3,
    "n_trials": 5,
    "num_epochs": 250,
    "batch_size": 512,
    "event_weighting": "balanced",
    "scaling": "standard",
    "seed": 42
  }
}