{
  "metrics": {
    "auc_event1_t2044.06": [
      0.9999999974478241,
      0.9764531469745494,
      0.9710580528783082,
      0.9935184601395302,
      0.9999999843643653
    ],
    "brier_event1_t2044.06": [
      0.14690558007713778,
      0.09633181392789651,
      0.12534494000659935,
      0.16451344522025413,
      0.12385892995109475
    ],
    "tdci_event1_t2044.06": [
      0.8046411320585376,
      0.8328956917318865,
      0.8146365361006243,
      0.7771699503533542,
      0.7904568727110871
    ],
    "auc_event1_t2924.08": [
      0.958286808309671,
      0.9334683738141457,
      0.9230333860417093,
      0.9750930385375411,
      0.9999999866718423
    ],
    "brier_event1_t2924.08": [
      0.24806379111599797,
      0.13305041382333438,
      0.19037326844270885,
      0.2034379146350792,
      0.14281410213740284
    ],
    "tdci_event1_t2924.08": [
      0.792848264279492,
      0.7961691318869273,
      0.7882362590373295,
      0.7639724057815974,
      0.7853192925598459
    ],
    "auc_event1_t3770.10": [
      0.9550656595754147,
      0.9080624294734773,
      0.8966603234623083,
      0.9772601333862855,
      0.9744737615742207
    ],
    "brier_event1_t3770.10": [
      0.35015200319248907,
      0.18397847133281786,
      0.30970237941590295,
      0.2049767562937936,
      0.16268928080238995
    ],
    "tdci_event1_t3770.10": [
      0.7813620629360822,
      0.7795782512689691,
      0.7689245707341623,
      0.7656935640608946,
      0.7701063386452172
    ],
    "auc_event2_t2044.06": [
      0.9828949912263847,
      0.9374229870011018,
      0.9618444948920721,
      0.9999999928303699,
      0.8760968401105604
    ],
    "brier_event2_t2044.06": [
      0.6952210612925107,
      0.6507582489150661,
      0.3082266900340618,
      0.5779021251599508,
      0.11154776951810724
    ],
    "tdci_event2_t2044.06": [
      0.6345484199234036,
      0.6554216752837153,
      0.6572068855205289,
      0.6395295809570472,
      0.6464210586465284
    ],
    "auc_event2_t2924.08": [
      0.9866231140244338,
      0.9692328526210439,
      0.9725833554443978,
      0.9795756558939139,
      0.9202653491995887
    ],
    "brier_event2_t2924.08": [
      0.7414378958203445,
      0.6889933801978552,
      0.3768854291042515,
      0.6048135436268185,
      0.15996579467706884
    ],
    "tdci_event2_t2924.08": [
      0.6131131183067925,
      0.6549050642087789,
      0.6243735268820098,
      0.6424130666044009,
      0.6393531463587883
    ],
    "auc_event2_t3770.10": [
      0.988915523208955,
      0.9744270589790429,
      0.9749642805340148,
      0.9836703663770338,
      0.9395530482448821
    ],
    "brier_event2_t3770.10": [
      0.7417833870347189,
      0.7403123043020073,
      0.4008965039875137,
      0.6199980539470784,
      0.18012925409967523
    ],
    "tdci_event2_t3770.10": [
      0.6059392845668512,
      0.6218803692666244,
      0.6223430986061139,
      0.6300664900755241,
      0.5857060519498183
    ]
  },
  "metadata": {
    "dataset": "pbc",
    "outer_folds": 5,
    "inner_folds": 3,
    "n_trials": 6,
    "num_epochs": 100,
    "batch_size": 256,
    "event_weighting": "balanced",
    "scaling": "standard",
    "seed": 42
  }
}